path,domain,bytes,lines,kind,scan_signals,sha256
.github/ISSUE_TEMPLATE/bug.yml,build-release-other,1099,49,text-static-inventory,,fe412e016a1e706af6cc98acf3299c83ce5afb62f68ab720d421e8f9cd1d0b08
.github/ISSUE_TEMPLATE/fr.yml,build-release-other,706,24,text-static-inventory,,efe79cfb450f03b2874cc4307a4b726d74ba64a429bf9a4f5e9d6436eea4dad1
.gitignore,build-release-other,350,25,text-static-inventory,,635f8d4e133c8499e37e1ca339bab67987a8e6efbfbe193d2e4c3fa45d350aa9
LICENSE,build-release-other,1087,21,text-static-inventory,,a01b44d5bdfa9707931faad0e8b81829e1990d7215667354b35558b3a8b38ae9
Makefile,build-release-other,551,11,text-static-inventory,network,ae199067c0678219ff25ada726ce2c77047407d5889ff7b7323cb9f9b7302df2
README.en.md,historical-docs,2940,60,text-static-inventory,network;media,44f180bac31205041923a835f986de182d44a802d71fca30684fcad15ba920e2
README.md,historical-docs,33791,293,text-static-inventory,network;mutable-state;media,2fcc59aad4514792cdbdd3bb945eff4da90ada03b0df1249af4bbc2f688f778d
README.upstream.md,historical-docs,2325,56,text-static-inventory,network;media,57448b0d9b42683cf4f0ad680877c37b375d8f5aa4025a9a9aceaa4eddca52aa
app/.gitignore,build-release-other,18,2,text-static-inventory,,ae54924a00a575661a02e14a27299f006b4b0a1ed5cc5a5538275907ade0db90
app/build.gradle.kts,build-release-other,4875,151,text-static-inventory,,0f842b5873aa01126acd6c625729b7506114a4ac63dee523d81e9364502b26be
app/libs/lib-decoder-ffmpeg-release.aar,build-release-other,2568797,,binary-metadata-only,,668e9732ceadc47e647d1673c3296d2fd3ee75596d8bd4e2e0cee84741ef4e55
app/proguard-rules.pro,build-release-other,2787,94,text-static-inventory,network;media,0e22598b4e261d25661419f6695df4669d3702e8ea39f9af15e9f8f1f6456546
app/src/main/AndroidManifest.xml,build-release-other,5127,105,text-static-inventory,network,546f1cc82b57a9e07e9aaaa5eb48caa497f1fcc06722f23a2da876d7b385b278
app/src/main/assets/bundled_channels.json,assets,248995,1,text-static-inventory,network,51731d05ddf3e7f379d0a986380af167ee0d1e431dcd72861cb746ae0d0799d4
app/src/main/assets/webview_loading_blacklist.json,assets,1305,64,text-static-inventory,,374546bf083471c89ba38df1fe37f97766d9d0fa37017f26e10f9c301fd91aca
app/src/main/assets/webview_player_impl.js,assets,3144,101,text-static-inventory,media,a03da1e187709a9dd94edec447e7270587945554151b5d1639e66ba382829cc2
app/src/main/java/com/horsenma/mytv1/BootReceiver.kt,legacy-web,471,18,text-static-inventory,mutable-state,32d8980b5d64a25181ccdbb70635fbb2c4dc26ccda4b2788abdda0b7f1270dde
app/src/main/java/com/horsenma/mytv1/ChannelFragment.kt,legacy-web,3600,106,text-static-inventory,async-lifecycle,d70aaa790e1ecd39f65beb1f0f8032627da850ae119cd4ed275d1dd29abb3caa
app/src/main/java/com/horsenma/mytv1/ConfirmationFragment.kt,legacy-web,1380,46,text-static-inventory,,1513f454ba14876f4271bc2ef74dfb89bb13018f16f1584682ee5fbb65f2dc7e
app/src/main/java/com/horsenma/mytv1/ErrorFragment.kt,legacy-web,1574,49,text-static-inventory,async-lifecycle,1e151f9503fa8d6e6c0ef91e5ed883e572d3311948530585d3b371752e5168ae
app/src/main/java/com/horsenma/mytv1/Ext.kt,legacy-web,3006,98,text-static-inventory,,06ffe9b560b059de503df6681794928e3ccbbc11821ee462e7e9474df1ae7343
app/src/main/java/com/horsenma/mytv1/GroupAdapter.kt,legacy-web,6851,190,text-static-inventory,async-lifecycle;focus-input,76f6c06c5341c23cdd75d59716cb86598fcc4a4c4d0d508f8ba2927572238269
app/src/main/java/com/horsenma/mytv1/InfoFragment.kt,legacy-web,5046,132,text-static-inventory,async-lifecycle,98482575dec35330c567c8b6120acb2d57984eabe62ecaee574e04cca1d911d1
app/src/main/java/com/horsenma/mytv1/InitializerProvider.kt,legacy-web,1366,44,text-static-inventory,mutable-state,4c1b038ddf07dd8924d9370ab6e9f61bbea3ab9792eab71563bc10b5153e2ef5
app/src/main/java/com/horsenma/mytv1/ListAdapter.kt,legacy-web,11073,301,text-static-inventory,async-lifecycle;focus-input;mutable-state,e122236879f8353ec38ed45d88068a1a079c4d6159ae44adfd005f012f79f87e
app/src/main/java/com/horsenma/mytv1/LoadingFragment.kt,legacy-web,1186,39,text-static-inventory,async-lifecycle,d2fa92fd78d88d78976c03a1f9af307c3c30a23f078155e6f3d925cf177ee62c
app/src/main/java/com/horsenma/mytv1/MainActivity.kt,legacy-web,30787,829,text-static-inventory,async-lifecycle;focus-input;mutable-state;media,ca62c37f19a6f8e07aba8a84323eaa03e18b7851e933c5940882dcbfe4670a3c
app/src/main/java/com/horsenma/mytv1/MenuFragment.kt,legacy-web,13772,360,text-static-inventory,async-lifecycle;focus-input;mutable-state,0d230afb0890a2a45595a68fe623442fcc6d78968ad991bfbda63cff96cab7db
app/src/main/java/com/horsenma/mytv1/ModalFragment.kt,legacy-web,3734,107,text-static-inventory,network;async-lifecycle;focus-input,7cb6255fe974a82f5acedebccc673d936bf12ba21de9a1cfc675f390dfc265ef
app/src/main/java/com/horsenma/mytv1/OnSharedPreferenceChangeListener.kt,legacy-web,127,6,text-static-inventory,,a423e00ca9c49f5960c6498290daa3f3f4cc56971bb269718aac59bc205e8e9f
app/src/main/java/com/horsenma/mytv1/PortUtil.kt,legacy-web,770,24,text-static-inventory,,b2a1822dd94f4fae9b9dee7ab4865d07dc823dbc51bb03df676738cfbe87a3c2
app/src/main/java/com/horsenma/mytv1/QrCodeUtil.kt,legacy-web,2021,59,text-static-inventory,,0c2daf50e991da2ed0a0081f8cd082a1cd9fcca396594b99c3ea18b8cdabaddf
app/src/main/java/com/horsenma/mytv1/SP.kt,legacy-web,5861,156,text-static-inventory,mutable-state;media,e8309e5b9781b8f61d11f48cc623f3f51562e20249072f914883c49d2a74fb1a
app/src/main/java/com/horsenma/mytv1/SettingFragment.kt,legacy-web,28095,609,text-static-inventory,network;async-lifecycle;focus-input;mutable-state;media,8ab83eef6759c9dc1a5299dfe1877cb49a5c23870cca3224d3f9ff982ed8a769
app/src/main/java/com/horsenma/mytv1/SimpleServer.kt,legacy-web,5831,168,text-static-inventory,mutable-state,f4172a117719cb841fe7833d1b16b230c1f3a79468e78c2b10fbefd442070425
app/src/main/java/com/horsenma/mytv1/TimeFragment.kt,legacy-web,3071,96,text-static-inventory,async-lifecycle,8b0542e1fdb96c11563fab71f1e605589a77d2510432d63829b7370c0c950ff8
app/src/main/java/com/horsenma/mytv1/Utils.kt,legacy-web,2701,87,text-static-inventory,network;async-lifecycle,8c4c1e230e529e609eac71e320c99193c92b01a16d3df8f561b9557b3d0c0ce5
app/src/main/java/com/horsenma/mytv1/WebFragment.kt,legacy-web,46260,976,text-static-inventory,async-lifecycle;mutable-state;media,21667999ddab38dddc3f355f49d2df49188dea9323ae8f5cb9d0cf80c3f825ef
app/src/main/java/com/horsenma/mytv1/WebFragmentCallback.kt,legacy-web,162,7,text-static-inventory,,4185d84cfdd4b7196850072e2acbbe90ba9e2ae31fcf54661f51ce166ddd3a68
app/src/main/java/com/horsenma/mytv1/data/Global.kt,legacy-web,212,10,text-static-inventory,,f3155863cda58750535514bae7dcbe00d6c9e044dd86603ef9f78c20878a0250
app/src/main/java/com/horsenma/mytv1/data/ReleaseResponse.kt,legacy-web,128,7,text-static-inventory,,ecdef173550b4729867a941aebc71a1a1b935185de1fd6ddeb889945f9059ab4
app/src/main/java/com/horsenma/mytv1/data/ReqSettings.kt,legacy-web,115,6,text-static-inventory,,d8acd960dd6481676349c6197fe148aaf01c852725fd92df4a2710362066d920
app/src/main/java/com/horsenma/mytv1/data/RespSettings.kt,legacy-web,153,7,text-static-inventory,,290b624b927d3035060eadb73f7e2dbe2b90867dc39ef101e290892d05fb0c6e
app/src/main/java/com/horsenma/mytv1/data/TV.kt,legacy-web,1110,36,text-static-inventory,,00a21f22f1480e577e3ddd52bd27952adf41c100caabef91d0f024aeaf955085
app/src/main/java/com/horsenma/mytv1/models/TVGroupModel.kt,legacy-web,1875,72,text-static-inventory,mutable-state,5bc79faa3a133a900ccfe911d7878b8fc48d338448c5e135abb6588ece37830a
app/src/main/java/com/horsenma/mytv1/models/TVList.kt,legacy-web,10026,303,text-static-inventory,network;async-lifecycle;mutable-state,0da14c6942074e909955b7b534a66df7238c0dad9ef8d1668141ef500515439a
app/src/main/java/com/horsenma/mytv1/models/TVListModel.kt,legacy-web,2765,109,text-static-inventory,mutable-state,02b8fd713c8caecd37987d57c6bd1f279ec76a294339afaed5453aeb318c21d9
app/src/main/java/com/horsenma/mytv1/models/TVModel.kt,legacy-web,1965,83,text-static-inventory,mutable-state,bdce1be4bbf6a700bc79ca4bd73b9dafdedb30fe49b6ca9503638e499575336c
app/src/main/java/com/horsenma/mytv1/requests/DnsCache.kt,legacy-web,586,23,text-static-inventory,,bc211c89d8cee62088fe35526423669c7787ce17913f58eae0000d225173665b
app/src/main/java/com/horsenma/mytv1/requests/HttpClient.kt,legacy-web,3216,87,text-static-inventory,network,61d70f78d8c70517eb740ecc07de6e17d1e456b626a5087ae0edec84310186e7
app/src/main/java/com/horsenma/mytv1/requests/Tls12SocketFactory.kt,legacy-web,2231,74,text-static-inventory,network,99207e24b61b610a685f3ef8e04f700736fb3e31775579ee1a692f79869b215b
app/src/main/java/com/horsenma/mytv1/x5/TbsDebugActivity.kt,legacy-web,1057,33,text-static-inventory,network;async-lifecycle;media,8cf3feb74d38fc823ac0ec5e5f102d1b908bcd8d2dd498874112613d58d4a5fc
app/src/main/java/com/horsenma/yourtv/BootReceiver.kt,main-kotlin,597,22,text-static-inventory,mutable-state,382c2ce4618264789680fa682f62333125340f57bbaa9fec67b635d49a190ec9
app/src/main/java/com/horsenma/yourtv/ChannelFragment.kt,main-kotlin,5325,162,text-static-inventory,async-lifecycle,cd2af4a4e8e53a236637d29fe3661dd9c7758fde7d99f39114efb93fd3f10375
app/src/main/java/com/horsenma/yourtv/ConfirmationFragment.kt,main-kotlin,2250,76,text-static-inventory,async-lifecycle;focus-input,a188ec86586e306abde1971e3b0a0b4f0ac11eacab8c79d4e43cf5385b08c122
app/src/main/java/com/horsenma/yourtv/DownGithubPrivate.kt,main-kotlin,30938,555,text-static-inventory,network,a5d851bffd3b0e7f865eb8996cdfacdd1b8060bcfa097adc33b6270f25fd1bda
app/src/main/java/com/horsenma/yourtv/ErrorFragment.kt,main-kotlin,2660,77,text-static-inventory,async-lifecycle;focus-input,cb2536499567dd163a0e488b7db9a43ca033dc5b6952d297b15c2fb57704cd63
app/src/main/java/com/horsenma/yourtv/Ext.kt,main-kotlin,3147,103,text-static-inventory,,5e1eb334802ec5ccf66233312559693423e4407a4ee64095c45363044640f6ce
app/src/main/java/com/horsenma/yourtv/GroupAdapter.kt,main-kotlin,7265,201,text-static-inventory,async-lifecycle;focus-input,431d2dabf81c479364971572dbf2b525be17df8d96a312134b3d7f7a0f9baef0
app/src/main/java/com/horsenma/yourtv/ImageHelper.kt,main-kotlin,3356,117,text-static-inventory,network,19088326289ab9c8048160e06e47071365a8556ae507cefffeca2b192a743009
app/src/main/java/com/horsenma/yourtv/InfoFragment.kt,main-kotlin,6634,173,text-static-inventory,async-lifecycle,300c35d2e7fb3f8615437b58aab94ad1993cb288016ced021d151ffb16e4b023
app/src/main/java/com/horsenma/yourtv/InitializerProvider.kt,main-kotlin,1136,39,text-static-inventory,mutable-state,3f70a1c9eadc1ccaf4e6fdb6aa075c3d12e908965877c9c4b643db72bf647762
app/src/main/java/com/horsenma/yourtv/LineHealth.kt,main-kotlin,10560,255,text-static-inventory,mutable-state,6bab59b22c4d9a600543fcce1128fefa6e3071e19e4eb46d96bb86e957eceb68
app/src/main/java/com/horsenma/yourtv/ListAdapter.kt,main-kotlin,13698,320,text-static-inventory,async-lifecycle;focus-input,7d0cf67b40a40a954589ca12848b85b5ee0be330e49becf340aba56f71583282
app/src/main/java/com/horsenma/yourtv/LoadingFragment.kt,main-kotlin,2337,65,text-static-inventory,async-lifecycle,b6306f2560c239d6abfcaa94d8c277e8915a3d314385a835d191e674330c81cc
app/src/main/java/com/horsenma/yourtv/Logger.kt,main-kotlin,741,32,text-static-inventory,,5eea81bd4defe65209c6364d620dd1378e245384bb544216199f830feae2f6be
app/src/main/java/com/horsenma/yourtv/MainActivity.kt,main-kotlin,77336,1763,text-static-inventory,async-lifecycle;focus-input;mutable-state;media,a6e1075433130957efedec3489d689ab4e775d90aa60d3022de025c39c5b498b
app/src/main/java/com/horsenma/yourtv/MainViewModel.kt,main-kotlin,89970,1938,text-static-inventory,network;async-lifecycle;mutable-state;media,382a0b8f6459d37d7cad5faa1624c20f9e8492f9c90061d81fa7034d2d38d53d
app/src/main/java/com/horsenma/yourtv/MenuFragment.kt,main-kotlin,42266,919,text-static-inventory,async-lifecycle;focus-input;mutable-state,11582b9dded9a97ba4c4647669c01c6d6675cff9d50240c255dba9245ec7b916
app/src/main/java/com/horsenma/yourtv/ModalFragment.kt,main-kotlin,3302,100,text-static-inventory,network;async-lifecycle;media,1abbdb777b6976fe0ab374b6b2d0b0eb3afccb267a7d7c1d1fea7b3d1d863dea
app/src/main/java/com/horsenma/yourtv/PlayerFragment.kt,main-kotlin,77443,1599,text-static-inventory,async-lifecycle;focus-input;mutable-state;media,880b677590448e61042b1eaac28bd2449fa3bae55f8daed2d4494ff3eaeba735
app/src/main/java/com/horsenma/yourtv/PortUtil.kt,main-kotlin,771,24,text-static-inventory,,b5ca0cc5410c7d7c61fc0361f4af1493481855ef7fa7c3219f3ee3f426b7083f
app/src/main/java/com/horsenma/yourtv/ProgramAdapter.kt,main-kotlin,8007,195,text-static-inventory,async-lifecycle;focus-input,eaee276bbe912566d92cf9aabd5517f851bb8a4d6fe9a9bffbe3fd3006b8b624
app/src/main/java/com/horsenma/yourtv/ProgramFragment.kt,main-kotlin,6873,210,text-static-inventory,async-lifecycle;focus-input,c1315832c604a6d89f8f25a4289d56682ee8406b2a425c52f6685031b8a7797f
app/src/main/java/com/horsenma/yourtv/QrCodeUtil.kt,main-kotlin,2022,59,text-static-inventory,,0fc2acbf02afcdef775a5be23a065177b8fa71a6baeef169cd4a2ca929ff2eff
app/src/main/java/com/horsenma/yourtv/Response.kt,main-kotlin,215,13,text-static-inventory,,33233d340be16e8609dbf1eb649ba5bd2cecaf5718e8a4d5b210fa8ea7839c0b
app/src/main/java/com/horsenma/yourtv/SP.kt,main-kotlin,18220,428,text-static-inventory,network;mutable-state,5729ee96341eb89ec13a71a6d2015534c28bcebd7beb5d8b4cea0036e8008590
app/src/main/java/com/horsenma/yourtv/SearchFragment.kt,main-kotlin,7425,197,text-static-inventory,async-lifecycle;focus-input;mutable-state,422caf73f0097c4c037f55505cd55a4ba35968d446ce66bdf00801d6ee100a47
app/src/main/java/com/horsenma/yourtv/SettingFragment.kt,main-kotlin,33522,764,text-static-inventory,network;async-lifecycle;focus-input;mutable-state,bf502ef0e535e9f7e64d3eb24e362d6b0622dd8e22ff6b7719eb4f5e3bb7b6eb
app/src/main/java/com/horsenma/yourtv/SimpleServer.kt,main-kotlin,13340,361,text-static-inventory,network;mutable-state,e733bd9c528eb82a14e2898f59d674fa06e6f4bdc1859c9030df5790c275f881
app/src/main/java/com/horsenma/yourtv/SourceDecoder.kt,main-kotlin,5486,159,text-static-inventory,network,249121615e369909122114a6bf1e3583edcf761dbb1531a9433ed7ea185cc711
app/src/main/java/com/horsenma/yourtv/SourceEncoder.kt,main-kotlin,4447,126,text-static-inventory,network,e1eb0dcea587a689904a59910b8479e2cefba8e9d389bc8249e37adf393e467c
app/src/main/java/com/horsenma/yourtv/SourceNetworkPolicy.kt,main-kotlin,6195,139,text-static-inventory,,64d9e9dd8c624fba9b693eb5dba20b5dc6b7cf4b5b14ed403cf25f351704f593
app/src/main/java/com/horsenma/yourtv/SourceQuality.kt,main-kotlin,2980,67,text-static-inventory,,926412d19620b612f9d82939c95c8c247848e84c2086d4a212648b0ed6d74559
app/src/main/java/com/horsenma/yourtv/SourceSelectFragment.kt,main-kotlin,16255,374,text-static-inventory,async-lifecycle;focus-input;mutable-state,d3c756e324d61cc1df00bbfd1b3d774428224e468f32f90667993a9e0bf0e6a3
app/src/main/java/com/horsenma/yourtv/SourcesAdapter.kt,main-kotlin,8242,233,text-static-inventory,async-lifecycle;focus-input,599e07eb439d29401b3b75db39791ac37e995b0fd3f3d608294ac4d90f4aa8c4
app/src/main/java/com/horsenma/yourtv/SourcesFragment.kt,main-kotlin,3937,124,text-static-inventory,async-lifecycle,2ed378a6f39c9e6130fd57e9bdd63b5d1cc4fc1bb3ed6184ca2aece1ab280b14
app/src/main/java/com/horsenma/yourtv/TbsDebugActivity.kt,main-kotlin,8955,212,text-static-inventory,network;async-lifecycle;media,3d739981b2806a3604e895061897ca68ca82c53987a0cae526ab46138af5845e
app/src/main/java/com/horsenma/yourtv/TimeFragment.kt,main-kotlin,3324,102,text-static-inventory,async-lifecycle,d1ba0297c6701db428f8df2e2bbc9ac4d73ae2b11169f687eb63179c96f34781
app/src/main/java/com/horsenma/yourtv/UpdateManager.kt,main-kotlin,49799,1015,text-static-inventory,network;async-lifecycle;focus-input;mutable-state,7adf4af9a52c9fe5bd27158b1c130508363d8fdda79210e4e10e3ee597e7a840
app/src/main/java/com/horsenma/yourtv/UserInfo.kt,main-kotlin,37251,795,text-static-inventory,network;async-lifecycle;mutable-state,c15a764c261700c35cc6fe571366e6d95a3b951f32b541e558977d3db3153c0f
app/src/main/java/com/horsenma/yourtv/UserVerificationHandler.kt,main-kotlin,26708,594,text-static-inventory,async-lifecycle;focus-input;mutable-state,7295b4f2f6ac50ecf07900aafa637c99ddb57982787f6ef34267631c3a660374
app/src/main/java/com/horsenma/yourtv/Utils.kt,main-kotlin,6559,196,text-static-inventory,network;async-lifecycle;mutable-state,881311253f3bb35eeb9438c2d91168b236e1a23edc10b8d9ebeab2d9d1558994
app/src/main/java/com/horsenma/yourtv/YourTVApplication.kt,main-kotlin,6608,202,text-static-inventory,mutable-state,5ddfb33a66baf0e93754f9b4870699de4eeda66020fe45bf3852301433c26e4a
app/src/main/java/com/horsenma/yourtv/YourTVExceptionHandler.kt,main-kotlin,3743,99,text-static-inventory,network;mutable-state,1cb505710d6f82850e38711df8d702f782616139dd88bb08fbc26c06e55c2632
app/src/main/java/com/horsenma/yourtv/data/EPG.kt,main-kotlin,128,8,text-static-inventory,,ded547ec918d52bc13be9791a1fb00f682bf2f9213e528e53f06812a5312dd91
app/src/main/java/com/horsenma/yourtv/data/Global.kt,main-kotlin,2755,82,text-static-inventory,,ddf11e08c63e8f962c30e364921e0d5464f3ead356a1ac6fc1293a6cae2a80e4
app/src/main/java/com/horsenma/yourtv/data/ReleaseResponse.kt,main-kotlin,214,10,text-static-inventory,,21bfeb54ff9162eb96925a05b59f7fa5102c39a3ff3635f576050fc50b77c29e
app/src/main/java/com/horsenma/yourtv/data/ReqSettings.kt,main-kotlin,164,8,text-static-inventory,,4230dd54dc9d357f72534b22ab8cd1e5d7168833d2e1339368aa2f4221c63d84
app/src/main/java/com/horsenma/yourtv/data/ReqSources.kt,main-kotlin,164,10,text-static-inventory,,1db8e35f0559c6f258e3663ecdd66a6cc462915735e0e2e6fc0d0600f37c6e45
app/src/main/java/com/horsenma/yourtv/data/RespSettings.kt,main-kotlin,232,10,text-static-inventory,,a95625304a929cb4d66a9bde47195e429b8cf520a1fb37328f9849304fe1ce36
app/src/main/java/com/horsenma/yourtv/data/Source.kt,main-kotlin,1113,41,text-static-inventory,media,0c938d90eada71fab6deee0aa2b66605c7f80fd8e7e3804165b6db5032ef2d1e
app/src/main/java/com/horsenma/yourtv/data/SourceType.kt,main-kotlin,149,11,text-static-inventory,,072bc03c79041fc28c3b81df5c19c351a73bb5f9f241a3a4f3aba94a77eb98d7
app/src/main/java/com/horsenma/yourtv/data/TV.kt,main-kotlin,3123,60,text-static-inventory,media,5adcec4e1ccd16605ffe09aa584620a842e0eb8097c8196b2111abd231c38637
app/src/main/java/com/horsenma/yourtv/models/ChannelClassifier.kt,main-kotlin,50155,771,text-static-inventory,,32440f0112edd1b8c03b847bc1c60a118f623206a91566a79656d148f50188ac
app/src/main/java/com/horsenma/yourtv/models/ChannelMetadataParser.kt,main-kotlin,7328,162,text-static-inventory,network,cc5631fcf31406c1986701a1d87b71321e051791fd194213186a6a9620c399e4
app/src/main/java/com/horsenma/yourtv/models/EPGXmlParser.kt,main-kotlin,2279,61,text-static-inventory,,d9911bae03eefc1a3daa00be0a72084d19378a48d0a18fe36d268bfc8fdbced3
app/src/main/java/com/horsenma/yourtv/models/LiveDataUtils.kt,main-kotlin,577,18,text-static-inventory,mutable-state,f5ee4c10bf8a16146f7cb845c3c7a8362e2f5dc24c9cb70f86bc94edf7694141
app/src/main/java/com/horsenma/yourtv/models/Sources.kt,main-kotlin,4138,146,text-static-inventory,mutable-state,89df1784322f98477090de4313be27e3910ffbfe7abb6cd147fcb3658c433b18
app/src/main/java/com/horsenma/yourtv/models/TVGroupModel.kt,main-kotlin,12686,379,text-static-inventory,mutable-state,6ba03c26e8aeaf898c8d51ea24c380d7c7870c11478b7726f61f3e142d93d5de
app/src/main/java/com/horsenma/yourtv/models/TVListModel.kt,main-kotlin,4458,174,text-static-inventory,mutable-state,0711be02acfe6689ac5d6e534d468bf123c2669141ce32050dffd9e6e29625fa
app/src/main/java/com/horsenma/yourtv/models/TVModel.kt,main-kotlin,10745,313,text-static-inventory,network;mutable-state;media,71a638d265ebdc30db2258369f11a4d5c9c17da5c18d44d643089066a664c666
app/src/main/java/com/horsenma/yourtv/requests/DnsCache.kt,main-kotlin,1124,41,text-static-inventory,,face8cbf6fab44ad323f2ac4d51cb88a9bebc633c72ae0b4b5cd736632798008
app/src/main/java/com/horsenma/yourtv/requests/HttpClient.kt,main-kotlin,4861,134,text-static-inventory,network;mutable-state,7e346c8670447e2ce6de2c0e28d38746a49ae2593a2396b448258a2873c2bb70
app/src/main/java/com/horsenma/yourtv/requests/Tls12SocketFactory.kt,main-kotlin,2240,74,text-static-inventory,network,7d985bd00e7424a8e631f7aa1bd8e528ecebcfa62bd9e2f5b145db99bab39ff5
app/src/main/res/color/button_selector.xml,resources,456,12,text-static-inventory,network,4ead412a3b1b90147b3dfff51aa12be6313fb9175640361821fde6cc53887fd9
app/src/main/res/color/button_text_color_selector.xml,resources,349,7,text-static-inventory,network,2caaf278a08bedf1e1c3eae372ce33d9ec25930921b1abac05772cd4eee65386
app/src/main/res/color/switch_thumb_color.xml,resources,257,5,text-static-inventory,network,c0455771d78f16597b2184ce7908665914f63a54679a4e8f811f8bfc088f83f2
app/src/main/res/color/switch_track_color.xml,resources,257,5,text-static-inventory,network,48c6291a3b525e49abb73280a78066e9ccc04ecb43e8f026664c7ea7d6df5e78
app/src/main/res/drawable/appreciate.png,resources,80143,,binary-metadata-only,,055f0498cfa4d8a15a6354167e01cf8ca5e5566e8767b68ff89c6c4607e5d679
app/src/main/res/drawable/banner0.png,resources,66589,,binary-metadata-only,,f4bab0c9e630fc8696f68b6c5001f606c9df2d1b56d1d2323a2f0e62ef37da42
app/src/main/res/drawable/baseline_done_24.xml,resources,337,10,text-static-inventory,network,9ca6cada8c795e872cd5b0ec993939d9887a757a83a0661bac48f8daba75faa6
app/src/main/res/drawable/baseline_favorite_24.xml,resources,455,10,text-static-inventory,network,da4df6e89fdfbdbc53c1bfd4c4a648f90dc9764bcb940d64085c1aac789f69d7
app/src/main/res/drawable/baseline_favorite_border_24.xml,resources,642,10,text-static-inventory,network,805c75a95a06dbc0ecfb01aafa6e85d0d2e9b860c64fea4b726bb0ba523ba2f0
app/src/main/res/drawable/baseline_sentiment_dissatisfied_24.xml,resources,903,16,text-static-inventory,network,e037f4e6bd759577385d9e3ee9fe1599ec0c99c0a49d1ab182fcd750799e6828
app/src/main/res/drawable/button_focus_selector.xml,resources,997,21,text-static-inventory,network,dd865ebbc2b288ec9c876a7d7a41bce1159edbde13128221d12be0322a7bbd62
app/src/main/res/drawable/button_scale.xml,resources,899,27,text-static-inventory,network,e95d763a0e87be90174b2ce54c755c5b19d6442b65558e30b7517e1fae898ba9
app/src/main/res/drawable/button_selector.xml,resources,525,16,text-static-inventory,network,706fd415634502baf82c0143fecf6594b0e8d2d2d5f0b5df01f6aa9ade544423
app/src/main/res/drawable/circle_background.xml,resources,211,5,text-static-inventory,network,a4500a2b88218bbd5b2b3056b457fa876dfbb3ac221b5a2742d86c11a303348b
app/src/main/res/drawable/custom_progress_drawable.xml,resources,669,19,text-static-inventory,network,46eb28830887a2211ef618f8981189e9a6418f4f82b9a9b4cda23e809fa1892e
app/src/main/res/drawable/edit_text_border.xml,resources,299,8,text-static-inventory,network,070ddfd338b56d26e5ce7ed1b3ab1c4dcf75497112200d4a1fa7eb6d662a635a
app/src/main/res/drawable/edit_text_border_selector.xml,resources,981,21,text-static-inventory,network,5ea846936e246ca9c77bd59fb3fb951445979ca61bff7ecad6fdf7ce4eeff0e8
app/src/main/res/drawable/focus_background.xml,resources,490,15,text-static-inventory,network,0a95249237690657d598ec9ebdab978cb01dfcbbc0173cc95fed536640be790e
app/src/main/res/drawable/focus_border.xml,resources,659,16,text-static-inventory,network,097a69f5f329d04a7d0d45ca887fbd223d63865a7ea7beb7ba93330eb18d3f5c
app/src/main/res/drawable/focus_item_background.xml,resources,513,15,text-static-inventory,network,9cadb3c13cac15ecb72fddfd8f8962e263afc19cd3cee5c212afdc10237669c8
app/src/main/res/drawable/ic_launcher.png,resources,55648,,binary-metadata-only,,b6a0e2da3b3cabb24f407073dc6d3d41c7bf96c3ce0f8a70d8e8b07662afd6d8
app/src/main/res/drawable/item_background.xml,resources,432,13,text-static-inventory,network,45a56b4fe9e01c999048a931d214e0fc69ad5be05220bd368ddb2b6c47bfd926
app/src/main/res/drawable/light_mode_24px.xml,resources,1035,9,text-static-inventory,network,f2735acc98ae6519f94d2483fdeecee8da284a49f58ed7e32cc2d062bc721306
app/src/main/res/drawable/logo0.png,resources,32159,,binary-metadata-only,,eb0d8bc941fb5e2e17a623de5b57c14aa2dca857e72188bf3bcb6bf1ef21bee2
app/src/main/res/drawable/logo0_1.png,resources,213602,,binary-metadata-only,,5129c55494345c1afd629dbf00c8ecf7be34dc3e711f0f18ffa3945dacda433c
app/src/main/res/drawable/now_badge_background.xml,resources,326,7,text-static-inventory,network,dc9807c83f4bdce3f876f54c1f1d471030e8eca7a8e13cd6d4143f352107bff8
app/src/main/res/drawable/playing_bar.xml,resources,231,6,text-static-inventory,network,a65c6a742676d3b155c62f19f2ae6370f73be69ae134eb5907f44a1c98d42a76
app/src/main/res/drawable/playing_dot.xml,resources,188,5,text-static-inventory,network,d889f84cb14a4c58e06201c69f9905efd820b3fb0f66218fe491a4fca202e626
app/src/main/res/drawable/rounded_dark_bottom.xml,resources,217,6,text-static-inventory,network,fc9ced1c8cf6f68c683222fe3b240d326e75934d70e46bb005891c762c42ddd7
app/src/main/res/drawable/rounded_dark_left.xml,resources,213,6,text-static-inventory,network,484b83806c927851b27aa789d247e84586ac9ed5d3b1d9882c3a32ba5bd9c140
app/src/main/res/drawable/rounded_dark_right.xml,resources,215,6,text-static-inventory,network,8b9012e40d91706964194b4f75598655b2af291b669e2a1614b5f07a44469a5a
app/src/main/res/drawable/rounded_light_bottom.xml,resources,218,6,text-static-inventory,network,c632d7849754ec110ea6cf5b52d843d0b378a3b53cb3d97b8151dc4a0ca6b2c3
app/src/main/res/drawable/rounded_white_left.xml,resources,214,6,text-static-inventory,network,4b64309e35aa341e8f655f2e5ba4259f1ed91fd27a50d092de740533d1bcf666
app/src/main/res/drawable/rounded_white_right.xml,resources,216,6,text-static-inventory,network,7e849a3d771b601be3c18b78aa96d452edddd5a76b07937b0027db357bcd0ec1
app/src/main/res/drawable/rounded_white_top.xml,resources,212,6,text-static-inventory,network,f6d48d0ea0c8362a4033c0c1a3fe7281d3ef1e73b5ac35271d7fd4067bfde85b
app/src/main/res/drawable/splash.xml,resources,355,11,text-static-inventory,network,dee76a9b5481bfc44400cf6f244f39e45020776cf90b90358789498bdd395651
app/src/main/res/drawable/volume_off_24px.xml,resources,897,10,text-static-inventory,network,a1c07683cd291aaa9cf788157e0cc06eb6fcd42a13df11d70ac07329916fabf4
app/src/main/res/drawable/volume_up_24px.xml,resources,723,10,text-static-inventory,network,7ef54461b826879f60bd96cdcbf1f890d449f1f3c146d9ab906c54bcc7470f2a
app/src/main/res/layout/activity_main.xml,resources,1095,25,text-static-inventory,network,901fb988561f20d3ab9e6c8242126fdae5e3d4977b2e0576e33bb75334871c86
app/src/main/res/layout/activity_tbs_debug.xml,resources,426,10,text-static-inventory,network;media,c03347d44492e67b5e88e097417ef662555fc0ec3f5e6afe21ed4372ee85f40f
app/src/main/res/layout/channel.xml,resources,1756,43,text-static-inventory,network,5aee228f5046f6515cf20603a57d764b10d3e3af92e39a21b99d888b8b5d6753
app/src/main/res/layout/dialog_confirmation.xml,resources,1929,54,text-static-inventory,network,4d173af102a55e7e1d7feeea665bd18cc5e8843a763e0f856b52b93634375d66
app/src/main/res/layout/error.xml,resources,2248,57,text-static-inventory,network,b4777dd4bf87130d74747c2d6dd9ef6fe1f4c5f77bf1f8f470a7579749fcc23a
app/src/main/res/layout/fragment_source_select.xml,resources,2376,64,text-static-inventory,network,21bf8be670c789d163796a295c89c5027a2344310e7c045ee295c0049618b523
app/src/main/res/layout/group_item.xml,resources,1394,37,text-static-inventory,network,81b0cb6dc5e7dc631a61263529c85e031ecb530f54c0a89daa40c5f156eff070
app/src/main/res/layout/info.xml,resources,2613,61,text-static-inventory,network,3b14552a2b234d8a233fc0f558331d917771d5312dece6b15366b8745eeee357
app/src/main/res/layout/item_source.xml,resources,1061,27,text-static-inventory,network,f11e4292dfcad1819cc55e6477497ddb2439d1499659ffae965abd0765132701
app/src/main/res/layout/list_item.xml,resources,2635,63,text-static-inventory,network,8695e14159b30c788cd2e1d560535ff7b30df6f8e3b970d3d363fc3b971b518f
app/src/main/res/layout/loading.xml,resources,1495,40,text-static-inventory,network,46066c76ad3eba74046eed3963017e1fc85b4862fa073303715cb41643f9f3df
app/src/main/res/layout/menu.xml,resources,5614,133,text-static-inventory,network;focus-input,9f6d4742569f6087e2068724d480e1d6171f2f8fdffa330c608cea76e045dc89
app/src/main/res/layout/modal.xml,resources,1545,34,text-static-inventory,network,ae7a77d2863e986dcda87b2b86eb7fc82879473a12b716df7fd671023ff7a257
app/src/main/res/layout/player.xml,resources,2496,67,text-static-inventory,network,cca5d313e03e6dd7883023f2ad956e6d6af9ea4017a9d1148618355dc0b64f84
app/src/main/res/layout/program.xml,resources,2543,66,text-static-inventory,network,2d70f27a708c424c40c66318458ed5c0e7765e546246cff459420ee0fe8e24e2
app/src/main/res/layout/program_item.xml,resources,3084,72,text-static-inventory,network,37df3e5bf808ac5d3ea0a9743b35df784303fc6632e1432e4838a64b3b6e3dd1
app/src/main/res/layout/search.xml,resources,3384,90,text-static-inventory,network,4e4e39f0bcfbce3be1accbda9d2a09a0c38d849a3efdc764b27b1ad4353d3126
app/src/main/res/layout/setting.xml,resources,25396,509,text-static-inventory,network,e8658db67129346ca7fd7c8d66f540f9d8cb9e26aa9fdffcfa956452c775a6b6
app/src/main/res/layout/setting_mytv1.xml,resources,15823,314,text-static-inventory,network;focus-input,8ddaf3adebd1a7bd1475bc09ee6dfa98a30030f1d4ec75589c504f2af2769f48
app/src/main/res/layout/settings_web.xml,resources,1195,29,text-static-inventory,network;media,fccbba04380ec1f3a8d0c51f2fe430bf412e71836e948daa003f051bd4694e86
app/src/main/res/layout/show.xml,resources,650,17,text-static-inventory,network,41716d8828569a59da8daad1005b924d8b3887899e7869ba19e8887094d10496
app/src/main/res/layout/sources.xml,resources,1547,35,text-static-inventory,network,59d8fe30b0686916accb0180240f6f936899611551d48970f1ec4bfafd1a04a7
app/src/main/res/layout/sources_item.xml,resources,2939,68,text-static-inventory,network,404fa1b83e04f8c66dc08e70492ad6459b9add3797882317662b9eeaf2e3b2df
app/src/main/res/layout/time.xml,resources,1760,44,text-static-inventory,network,3b7b2ecc68f91da4a95f2db1badfc726b1d67fe84736490a1ac0d24433b7ce14
app/src/main/res/layout/userconfirm.xml,resources,5232,131,text-static-inventory,network;focus-input,fc31e03b93fb72470d9b9736478a3a02b7acc9140cdd69f4cf59508be995340d
app/src/main/res/mipmap-hdpi/ic_launcher.webp,resources,1404,,binary-metadata-only,,dd00996198640ed28fbc09cdcd7a3807cf8707f3eb255b659634da3ca6a6ff01
app/src/main/res/mipmap-mdpi/ic_launcher.webp,resources,982,,binary-metadata-only,,846219e6f72fe9a6c104ca8919cbee36a101e7d2ff8da9da67b689a5888f060d
app/src/main/res/mipmap-xhdpi/ic_launcher.webp,resources,1900,,binary-metadata-only,,398340dad816fc9a6338cb151a8cf1e45b926f9bfb70628b24c4bd2523cc94d4
app/src/main/res/mipmap-xxhdpi/ic_launcher.webp,resources,2884,,binary-metadata-only,,58ae87fa0c5b5d1562d27fd648d2c061553fe20e3ed570bde588162d01ea7a27
app/src/main/res/mipmap-xxxhdpi/ic_launcher.webp,resources,3844,,binary-metadata-only,,f98fef5bc3bfe5b65692c40ad1cbae2bec4faf9f1b249c397626740db71b62d8
app/src/main/res/raw/ahtv.js,resources,1248,39,text-static-inventory,,1cc488114605be3c91554fe811f436096e864a3d9371d9043320a89897479432
app/src/main/res/raw/ahtv1.js,resources,2024,76,text-static-inventory,,c4d1a79f258fb18472ccc378eeacc34bbc7034172ca573176518b06112ae012c
app/src/main/res/raw/ahtv2.js,resources,2459,89,text-static-inventory,media,d3db6046938f34c04e09c043e2cc011644e1b67f5c4f7c7981b9b3291abe9c56
app/src/main/res/raw/channels.txt,resources,221582,1,text-static-inventory,,dded588602b971251bed8682eeac5a365ca3bfd9be2f22b325ae46e8f2057883
app/src/main/res/raw/cloudflare.txt,resources,0,0,text-static-inventory,,e3b0c44298fc1c149afbf4c8996fb92427ae41e4649b934ca495991b7852b855
app/src/main/res/raw/gdtv.js,resources,1678,44,text-static-inventory,,d61824f55af86b67d860bbb179bba48f558a089b4b17c39b66ae7d6b97e246fd
app/src/main/res/raw/github_private.txt,resources,0,0,text-static-inventory,,e3b0c44298fc1c149afbf4c8996fb92427ae41e4649b934ca495991b7852b855
app/src/main/res/raw/gua64min.js,resources,1512,4,text-static-inventory,network,8fa2ca2e13fe21616047ea72e20b4e0810273cf1505102034e409dfb921dc288
app/src/main/res/raw/index.html,resources,15311,471,text-static-inventory,network,a8a93cd4112f1a98b96dbb0346349d4f469df784adb85b9b26f57a0fb7e81156
app/src/main/res/raw/jxtv1.js,resources,2715,90,text-static-inventory,,12e51177c15e8efbe3963aaaf2f99be9cde16d34b11bb3fa2b60cbd96b386511
app/src/main/res/raw/nmgtv1.js,resources,2770,91,text-static-inventory,,ca0f8393af003105f016f6bfb363a72759d3de55f22d77cd2385adb6c3399911
app/src/main/res/raw/prev.js,resources,1087,32,text-static-inventory,,04c927d99582936a8f38ed33c2583e3d68d9c7584aeceea8f704a1463148a95d
app/src/main/res/raw/rawstablesource.txt,resources,2113,1,text-static-inventory,network,2f5095435e02c70c845a8ac8ca130d73ce641afa62b9e6b0700c197d6cc59c7c
app/src/main/res/raw/sources.txt,resources,174,1,text-static-inventory,,f347fb9df0fd59fe42b3270d3e84b14bb611c9b0c6b6a275e493fee2b04db999
app/src/main/res/raw/sxrtv1.js,resources,2568,86,text-static-inventory,,a62395b3206b3997d5401a0439a47957a4d241db5e0d525aa422b3bafbd896d8
app/src/main/res/raw/web_channels.txt,resources,80366,1,text-static-inventory,,e08428b38a6c63f148fc1b6488f615246751c5899e4c5de3891508d98f687f78
app/src/main/res/raw/webchannelsiniptv.txt,resources,147278,1,text-static-inventory,,08a1ab320283d206034bf34fa6f366ca2733cf19ff373252fa554af52f2d6b98
app/src/main/res/raw/xjtv1.js,resources,3601,126,text-static-inventory,,5f59836bec884401f90958a19a9a4482d9c7de402c430586333405e9dcc7cd80
app/src/main/res/values-zh-rCN/strings.xml,resources,15614,225,text-static-inventory,network;media,a4a4a4d4da03b5ed56a8aaa1d77e6368474ebb059b173c75df50824599bdf62d
app/src/main/res/values-zh-rTW/strings.xml,resources,15614,225,text-static-inventory,network;media,e883c1f2b412a4291d22108264945deccb062cbc79130e35962e0fbe69683d9d
app/src/main/res/values/colors.xml,resources,718,17,text-static-inventory,,24eed9d94e7af71045b4b86a6e46083b8678e3512ef9c91e4ccf0586aeb5da14
app/src/main/res/values/strings.xml,resources,15634,225,text-static-inventory,network;media,70f6ff866db615e3d14d010ba607f1075c9fb08021e1c9676ca06f57e8d938ad
app/src/main/res/values/styles.xml,resources,331,8,text-static-inventory,,a5dc6a7c24ddcad44b4dd79d59b5d82939d60fe62dd3afd2528a405ee0887894
app/src/main/res/values/themes.xml,resources,642,14,text-static-inventory,,0ecec8e8081b18ad45bd07472db5448e71fe362d4451a5223ccfe5c5617a0a36
app/src/main/res/xml/file_provider_paths.xml,resources,209,6,text-static-inventory,,8e2b048d541bb68bdeffd2376549bf6bcfed2e4cbfb2f2fd76c5e133e4ebfad7
app/src/main/res/xml/network.xml,resources,300,9,text-static-inventory,,f1e1d9efc21dde163862ab18cb29fb79ebf6a5075c49899713fd8f2c6f4ab164
app/src/test/java/com/horsenma/yourtv/ResearchClassificationDump.kt,tests,2310,51,text-static-inventory,mutable-state,35dd1ed2e61fb6d7da60965efa169cb10d4f50eadb16cfb27db6e3f4d00d70af
app/src/test/java/com/horsenma/yourtv/ResearchProbe.kt,tests,2769,51,text-static-inventory,,f09d992927a603bbdbed1ad0c774bb5322f9126d70ab72a0bf97d8c101a4a3e6
app/src/test/java/com/horsenma/yourtv/SourceNetworkPolicyTest.kt,tests,2951,63,text-static-inventory,network,b1f76b072c1b3f07412b071cdb2ca7b141b466db4b0c8518f0c12f32639a3ae2
app/src/test/java/com/horsenma/yourtv/SourceQualityTest.kt,tests,3212,51,text-static-inventory,network,3ed29035f46daec0041cbe93b951732d3c60175175c54b1bf4db3e7d7717f5d6
app/src/test/java/com/horsenma/yourtv/models/ChannelClassifierTest.kt,tests,19858,336,text-static-inventory,,4843834d568c4175d7bd6312d80651930f21c3a4c37d33ae488234f9cbd542ab
app/src/test/java/com/horsenma/yourtv/models/ChannelMetadataParserTest.kt,tests,6886,137,text-static-inventory,network,5cba92cb9b70dcc455653a57f91fedb7c471a341c3937655bdd10974f805d50c
app/version.json,build-release-other,450,7,text-static-inventory,network,f1c2335f15f6f2e260ee6c06a54578f47dbf8a46c41ea49b9d10ad449d5c74f1
app/version_multi.txt,build-release-other,1943,38,text-static-inventory,network,8823582218f156772ea81f79add7f0fc88ccfd0cb3427b14665c923d5bfcc279
build.gradle.kts,build-release-other,224,5,text-static-inventory,,7d17a498c9bdfc815205a5752657dd57a7a50c1ba76adcb842e6254717b5a761
docs/UIUX代码审计报告.md,historical-docs,24382,231,text-static-inventory,async-lifecycle;focus-input;mutable-state,19a88d3c6f2acf7f1b314e457869ced4588ee2e365bcaee86ddf56213ea78e37
docs/主流电视UIUX调研.md,historical-docs,11099,173,text-static-inventory,network,8b41e6e6ce9baf344e6bf3478b961ba4e817564f6f0bf51428a4811b09087168
docs/体验演进Gap分析与优化方案.md,historical-docs,17598,209,text-static-inventory,focus-input;mutable-state,a507cb69a5dee10730f72030a9f849bdb17fac57fd77fbd7ed840e09ab3ff743
docs/体验演进Gap分析与优化方案_v320.md,historical-docs,19034,219,text-static-inventory,async-lifecycle;focus-input;mutable-state;media,c93e62fa8c67b045f12d226da805c97a2c4de27c1c7d9e7b747bec1fba837db1
docs/体验演进Gap分析与优化方案_v330.md,historical-docs,14218,158,text-static-inventory,mutable-state;media,233e3640de834360028a007e7528d4b66f399694124e4f9f268b49f3c011523e
docs/国内网络源治理与播放优化计划_v340.md,historical-docs,5580,59,text-static-inventory,,d93e4d25e416f9240e41c1ed463143724aafd01493a5cb103315fac8cea1f253
docs/审计发现复核结果.md,historical-docs,7835,44,text-static-inventory,focus-input;mutable-state,5e369b6ba0fa0a7346ac9083f995fac1c2ff5b7e666d4878ca4810ae8d673889
docs/播放器性能优化设计.md,historical-docs,4951,68,text-static-inventory,media,fab937c47df8159a60e64b656bf185244f96c52d2cbee641bfb5ee1319e5394e
docs/痛点调研与优化方案.md,historical-docs,22878,223,text-static-inventory,async-lifecycle;mutable-state;media,d7136646367f950385dc2233773029a65ff6f96352ba17af6a1df7e40970f940
docs/竞品调研_其他直播APP.md,historical-docs,55047,537,text-static-inventory,network,726d5df3031f071add1ed2d0f35381e07dcbab85c91e0c8f470e48cc5b410d48
docs/竞品调研_星火TV_DIYP.md,historical-docs,46260,794,text-static-inventory,network,1840efd57a0d7248091366ee30ab1a0ca344e666d9c27a42e486d2386714fefe
docs/竞品调研_电视家.md,historical-docs,43275,326,text-static-inventory,network,767d6ddd0d32b82202648f2ae6d7045637f611c89d29b08ae679dfe0ced32fbd
gradle.properties,build-release-other,1380,23,text-static-inventory,network,eef51f412da5bd49fb6bdcc1af80387acd6b806f0b33db56b845dd77520286ef
gradle/libs.versions.toml,build-release-other,4920,81,text-static-inventory,,5b92b60f4ee36649bce08b08bb9f40e657969c613aa9acc9fb1a9e59069b8061
gradle/wrapper/gradle-wrapper.jar,build-release-other,59203,,binary-metadata-only,,e996d452d2645e70c01c11143ca2d3742734a28da2bf61f25c82bdc288c9e637
gradle/wrapper/gradle-wrapper.properties,build-release-other,237,6,text-static-inventory,,8e162921d555a722608effea3c6ef2958c559b20667578f72e071bb1d9904447
gradlew,build-release-other,5951,185,text-static-inventory,network,c15a47b60a4eeede9ffee33433fd990d8b6236607372b9bb1f6dc51b07b78c39
gradlew.bat,build-release-other,2763,89,text-static-inventory,network,af835f98787e9269af5a046edcb821a592fed372139df7b947b471a63cfc236b
local.properties,build-release-other,338,8,text-static-inventory,,ec33c8600078081a42458e46f8607db321720f14157a74663da8c0c94ba4cda9
screenshots/090901.jpg,build-release-other,958238,,binary-metadata-only,,a7567309a7c4c11b82468d1ad81afd91e729870e39f6df8938b7abe7cd63ed29
screenshots/090902.jpg,build-release-other,1288800,,binary-metadata-only,,d24163acbfecd1c44625b9142da45421ba82772c0ac37b51f92e95e96afe25c5
screenshots/527.jpg,build-release-other,20870,,binary-metadata-only,,8e93d1c23f2035d93c843b1b04650c7a564181b23e053e010fdb824cb3eb9d41
screenshots/530.jpg,build-release-other,1126597,,binary-metadata-only,,943b3324c5c222ffcb9f2b5252cb8eb88905ff8839c67a4724a22a45dbea4405
screenshots/appreciate.jpg,build-release-other,31463,,binary-metadata-only,,ac35d2926c3e972dcafd9a615abe087d7ae1b85db649c1acb0ad82b932f141cf
settings.gradle.kts,build-release-other,413,21,text-static-inventory,network,a5bd0ad615e4e331363f8a2149c691562652ad4922366c253f2f5f1ea95826a1
tools/.gitignore,research-tools-data,38,4,text-static-inventory,,7b1a17b8dfa5389e22f885768374ad952c01c1cb18079290b7f1c5319f3465fe
tools/anr_dump.txt,research-tools-data,1194220,13563,text-static-inventory,network;async-lifecycle;mutable-state;media,737d104a93794a09a1734d06cca7c205a0e9a37ecde47f0a04d52448bb60a917
tools/build_bundled.py,research-tools-data,8561,239,text-static-inventory,,78ae200db1069fcf870f427ad19a8fab912bf032005a7b99f94e42139f2912e0
tools/check_streams.py,research-tools-data,2566,60,text-static-inventory,network,8e7843d984ee9a049af1928273bf68de0730601f618888dcb12459985e7ffa43
tools/dead_test/YourTV_backup.xml,research-tools-data,9836,55,text-static-inventory,network,773d31f486918075361dc8eecb5cf88ed50e06e33931bb8111cc60e037140bdf
tools/dead_test/dead.txt,research-tools-data,122,3,text-static-inventory,network,e5e43fbc473f64e9be2e85fd6473bae8635912db057a4b40f9bafe080485ea9e
tools/dead_test/dead2.txt,research-tools-data,122,3,text-static-inventory,network,e5e43fbc473f64e9be2e85fd6473bae8635912db057a4b40f9bafe080485ea9e
tools/dead_test/serve.ps1,research-tools-data,514,10,text-static-inventory,network,aa70790291a94cb6bfeb93cdc9aab45e5535d8dfb3a3428dab279fae5bb903e0
tools/dead_test/server.pid,research-tools-data,16,,binary-metadata-only,,34217998b377f93f2ed474fe3c459e086ea5903af951f6a70f7b812b12b2bc7c
tools/inspect_4k.py,research-tools-data,724,25,text-static-inventory,network,33b0143eb377da113a0490ffc80a0b9a2980045085f0e7f806bffc6ab741b2f0
tools/probe_sources.py,research-tools-data,6687,153,text-static-inventory,network,bc0e53f42dcea3458595e57b85ccaf67e84f13428750809ff9a239876e015fc0
tools/research/.gitignore,research-tools-data,250,7,text-static-inventory,,ee38aec1b6dd17010a3fcb3ee641b6156e18c5fe2cff2036a83dffe9ef824191
tools/research/aliases_norm.json,research-tools-data,1597,1,text-static-inventory,,88cf3bb1835bea992d27a347178c85f2598585a9d10c59e8595c92ae95e64b67
tools/research/analysis.json,research-tools-data,7707,492,text-static-inventory,,7f2b386905a9fe416d3d08f7075048b854d77ff0f1b0cb1520ad3ff7d8c1dda6
tools/research/api_retry.py,research-tools-data,2180,64,text-static-inventory,network,255afd11ca35bc143fd9788f344a1004bd86990eecb5ffcf3a33c8be99762eb1
tools/research/channels.json,research-tools-data,835720,1,text-static-inventory,network;mutable-state,9608200856edba3bf7d101cdf41d0cd06e088d236aa8b916fc5ff6dbfd8e77b0
tools/research/classified.json,research-tools-data,1584546,1,text-static-inventory,network;mutable-state,325ed47313e87aec98253d3f09457dbe34c9f4136a27e466a9c4c62418f6abfc
tools/research/country_keywords.json,research-tools-data,7384,582,text-static-inventory,,80c1cf96a4b883b9df5c406a019f8d81ff2ccbf85f3fe8455e85e55eddebc999
tools/research/github_meta.json,research-tools-data,8156,389,text-static-inventory,,22039d21c62abc89a2c6483d67251d03cf80dd271a3fca2cf6fd6b4517380b7f
tools/research/github_meta.py,research-tools-data,3024,62,text-static-inventory,network,f5ccecb25891d75092c4438f24524ce83771cda41add75105dfb7625f9367432
tools/research/github_meta_retry.json,research-tools-data,539,29,text-static-inventory,,984a81caa14742c301a8e4b29f13703f97c8ccebb52e4f18b1333ecb3b13ee13
tools/research/hktwmo_keywords.json,research-tools-data,771,63,text-static-inventory,,730f12d4265a6943daea94522fe2437cdd86f1857d06a68b9ec8e8cd438e397c
tools/research/jsdelivr_listing.json,research-tools-data,8389,284,text-static-inventory,,4ff5d2c8b8f5c9320b9c01135978faa86d39d4c7166798538fd62021baa73c50
tools/research/mirror_summary.md,research-tools-data,3866,54,text-static-inventory,network,2ed8af5bf1072cc2bd88c371b7d84c391ee5abf1fe8b154826d200a2e14cdf4c
tools/research/mirror_test.json,research-tools-data,27958,739,text-static-inventory,network,84ab7babbe0a2299f134861eec916d8c6c3f3d3b07ed362928ad92609a1985c2
tools/research/mirror_test.py,research-tools-data,4916,123,text-static-inventory,network,c33ce49169fb7be311fd9874a0b5551eb8f7a4f567483bca765818d53a642d0f
tools/research/probe_lines.py,research-tools-data,11572,291,text-static-inventory,,3f8e0a60f5d0a8db6a6f9b0b1a4dccf43f6fd1bbbcc4b38ba9c15253202a4888
tools/research/probe_results.json,research-tools-data,116940,3598,text-static-inventory,network;mutable-state,ae9088cd22460d7566a4d16cf8177f50a6facf5c612ff0962bf19085ffa6d7dd
tools/research/probe_stats.json,research-tools-data,35964,1082,text-static-inventory,network,dd650d03b098ea12f45a7481d2d46241d585dfba27111f7443dd5ff687c12be2
tools/research/province_maps.json,research-tools-data,11700,1,text-static-inventory,,49bb70b6a615b6fa20452743bf54b83aaeb6f28f90ce0eda13262c97ba8572ad
tools/research/rs_analyze.py,research-tools-data,4496,111,text-static-inventory,network,aeb5a7e05de08d3f858206ce19f26ec36465cfed5dc7a95206179fe17694083d
tools/research/rs_download.py,research-tools-data,7641,124,text-static-inventory,network,259636a200d4b8c6505abfe4dd90fe5c23cced27095ed298a8a66a791507ac82
tools/research/rs_download2.py,research-tools-data,5653,92,text-static-inventory,network,b179179853aa3bdf48daedb585cc317a4ea319982913488cfbff94054dec97d2
tools/research/rs_download3.py,research-tools-data,3263,76,text-static-inventory,network,5271d6de60ec7a1bf9eb3b0f26903bf52bb6517281d153c6b2b40b0e4e69fde8
tools/research/rs_jsdelivr_list.py,research-tools-data,2062,55,text-static-inventory,network,2e3b14707689d334a764819a126348c5a682343ef3c8bf08e25f214d75a405f8
tools/research/rs_list_repos.py,research-tools-data,1871,56,text-static-inventory,network,22eb493019c58cc6e604700c5ff752367c783f9c38056060982a18a7b602609f
tools/research/rs_probe.py,research-tools-data,5407,142,text-static-inventory,network,8c2db57adb8cec5ee99b0f21a837c47d83744439bcd04c7f18a6bec1d10808d0
tools/research/source_candidates.md,research-tools-data,19159,117,text-static-inventory,network,7ea7219234c2a69f1bff884ba729cb4f3d3bcd328200c4eb6b0b9fab1747eccc
tools/research/verify_paths.py,research-tools-data,2654,70,text-static-inventory,network,9deef3868653b9affc613359592da11226849852cf3639c7052acc7be6fbc1a7
tools/research/verify_probe.py,research-tools-data,1914,48,text-static-inventory,network,1f42da007254b6b48fe4cbafa10cc6ff2dda7fd856b6f9306dbd8b0e3a383f6e
tools/stable_test/req.txt,research-tools-data,349,10,text-static-inventory,network,b11417d70dfdd5a7e71c32def10177d74ad5cb480cf27ea3b3ba3d3a079aed22
tools/stable_test/server.ps1,research-tools-data,627,19,text-static-inventory,network,83e2079df95739d4f59f45fa0ffd11e6e2405ca55a8d106c2a5883dd66e82d49
tools/stable_test/stable.m3u,research-tools-data,279,5,text-static-inventory,network,55d84d54cbd159383fb3f818cd45f20aef6ee34251ea0ff76e31d1880db94aec
version.json,build-release-other,470,7,text-static-inventory,network,8edc8327af739eb2243fd1a72c0a3d760546b214a468230b517a90f2af91d652
